537651335752323073	-3
538332513408937986	-2
538050779824025600	-3
538017499724279809	-3
537958766910926848	0
539574626788343809	0
539200238150778880	-3
538288019661676544	-3
538011277252370432	-3
537245006785159168	-3
538334589773967360	-2
539436191566020608	-3
538000380962308096	-2
538049143240142848	-2
537953689995317248	-3
537660039524122624	-3
539385293665624064	-2
539576635381792768	-2
537241812206108672	-3
539438819750457344	-3
539578311866060800	-3
538009987784925185	-3
539433150729183232	-3
539580098203381762	-2
539368955744649216	-3
538005564413210624	-2
539443693732634624	-2
539455565756264448	-3
539436023785472000	-1
539725954340622336	-3
537600076710166528	-2
537601639239393280	-3
539210383324905472	-3
539579260978339840	-2
537957199021355008	-3
539434379085619200	-3
538335405914214400	-2
539488684270444545	-2
538048511728951296	-4
539367503345250306	-3
539434545985384448	-3
539487901772685312	-3
537247749042094081	-2
538008054873460737	-2
538048849571762177	-3
539372025060802560	-2
538007522918273024	-2
538053363100049409	-2
539201777137356800	-1
539371298699620352	-3
538331642289750016	-2
539493019758886912	-3
539724842065731584	-2
539367168195174400	-3
539433484130189314	-3
539577726349623297	-2
539492824006549504	-3
539486225191960576	-3
538336749328826368	-2
539439742258282497	-2
538054108209774593	-3
538050982626983936	-3
539370992338890752	-3
538335880621326336	-4
537596499514105856	-2
537655732926439424	-3
537594711524257792	-3
539489465618956289	-1
538046502950936576	-2
539580293938954240	-3
539372080861827072	-3
539725092599918592	-2
539206671021932544	-2
539577164866519042	-2
539576858132885505	-1
537244055982600193	-2
537240331134455808	-3
537654164533559296	-2
539208761647562753	-3
539492628140920833	-3
538289561118707712	-3
539368816242094080	-3
539373895246413824	-2
539578842193879040	-2
539487148312129536	-2
537593595432562688	-3
539439770276225024	-3
537600773648310272	-1
539574934520225792	-2
537957646465519616	-3
538001052407455744	-3
537241898294198273	-2
538289505330266112	-2
539581301406564352	-2
539370294931378176	-3
539490498973822976	-2
537657663585533952	-2
539206028119003136	-3
539372555447308288	-2
538291858401939456	-3
539204770696036352	-1
537956027350925313	-2
539367559385325568	-2
539438931780317184	-3
539724676352995328	-3
537957254537175040	-3
538010689156435969	-2
539372360374431744	-2
539725148392546304	-2
538289729712971777	-2
539577669663608834	-3
537656459983867904	-3
539487511362695168	-3
539205553990684673	-3
539368479699517440	-3
539204491321802752	-3
539433539687956480	-3
539724924693520384	-2
538138292940984320	-3
537245623884722176	-2
539433847872831490	-2
539490359278329856	-2
539574290581311488	-2
539579623982772224	-3
539492768146784258	-3
539368368734994432	-2
539487789633781760	-3
539436275825393664	-2
539576441370062848	-1
539578395542446080	-3
537244111842340864	-2
537952796960899072	-3
537242571098308608	-3
539372220662161408	-3
539437785477050368	-3
538051376690257920	-3
539435353393094656	-3
539370601740521472	-3
539578172334166016	-2
539366776908578816	-2
539576329528934400	-2
539580964406837248	-3
539369011637919744	-3
538334561839890433	-3
539435325421260800	-2
539578591512915970	-4
538001080538636288	-3
538289476540592128	-2
537958206770020352	-2
538052980751478784	-2
537598064513810432	-2
539574121840254976	-3
539440889131982849	-2
537245848711999488	-3
539372972424052737	-2
538288103472246785	-3
538287627594911744	-3
539434712692178944	-2
539488628368740352	-2
538010072509861889	-3
539434990879395840	-2
539374174733873153	-2
539205833490714625	-4
538338326471000065	-3
539579596061286402	-2
539485889232375808	-3
537596108873404416	-2
539486672539643904	-3
537655340998098944	-3
539575465640738817	-3
539360612388990977	-3
539443554276212736	-2
537953745997672448	-2
537598930817912833	-3
539574011706236928	-3
538007410779385856	-3
539725203610550272	-3
539484885199892481	-3
539490079686029312	-2
538131774577340416	-2
539575130222235648	-2
539726539332796416	-2
539492404282523648	-2
539437031345373184	-2
539725481965522944	-2
539490303330516993	-2
537246351831355392	-2
539370015745904640	-2
538048399195791360	-3
539575102317535234	-2
537952209842221056	-2
539200348976840704	-2
537652034678579200	-1
539369820211654656	-2
539440692670779392	-3
539210327389659137	-2
539436107772211200	-2
537244643298390016	-3
539439155546456065	-2
537241532035006464	-3
537951733771935744	-2
539436444092493824	-2
539437981040652288	-2
539581020568576000	-3
539201217025822720	-2
538334981433851905	-2
539580376998744065	-2
539210243696496640	-4
539437423563128833	-3
539576691182817280	-3
539437311512293376	-2
539208146737459200	-2
539373586604359680	-2
538048623687499776	-2
538290317725011968	-2
537241982268362753	-2
537267514418286592	-2
538289224404197376	-2
539434601207582720	-2
539437395696177152	-3
539576746518261761	-1
539210523326550019	-3
539578814259793920	-2
537598483805794304	-2
539205385585164288	-2
539486084917637120	-3
538000772341198849	-2
538006208222101504	-2
539372388199456768	-2
539438763613880320	-2
538164694570127360	-3
537242459198484480	-2
537601360263667712	-2
539437869245677568	-2
539437925193515008	-3
538133968303169536	-2
537597087215808512	-2
538049255035121665	-2
539492544481341440	-2
539208398626357248	-2
537951761685024768	-2
538136948918222848	-2
537594124585959424	-2
538292505838903296	-2
539725120504623105	-1
539368732058198016	-2
539437115088846848	-3
538006656635113473	-3
537597115422474241	-3
537655704942047233	-3
538289419808415744	-2
539372108783300608	-2
539578005165973504	-3
537600522602438656	-3
537242543088738304	-1
538138264998539265	-2
539437367682433024	-2
539578423484903424	-2
538334477987373056	-3
538286866395852800	-2
538287145551921152	-2
539492796030517248	-2
538047750970277888	-3
539485329682882562	-3
539204154762477568	-3
538336636829200384	-2
538052162098835456	-3
539373558666125312	-3
539576663303262208	-2
537241588087672832	-2
539433875903356929	-2
539582695643152386	-2
539485413665431552	-4
539437645823496192	-4
539370573848383488	-2
539372778412335104	-2
538139385875955712	-2
538045667936325632	-2
537242795237720064	-3
539581217621164032	-2
538000271633551360	-2
539204407632887809	-2
538291298445570048	-3
539206531452260352	-2
538291270591201280	-3
538133409374420992	-3
539574990484828160	-2
537652762801348608	-2
537654388119318529	-2
539366804888780800	-2
538048254853017600	-3
538053627890659328	-3
537595130870771712	-2
539373951060021248	-1
539487344253239297	-2
539581189699698688	-2
539437227546542080	-3
539202560687874048	-2
537659234880847872	-2
538045903937224704	-4
539580657492840448	-2
539368034172141568	-1
539198892655779840	-3
538048821562204160	-2
539367335900217344	-2
539726316896260096	-2
539488767976153088	-2
538134444633489408	-2
538337676563599362	-2
538139105709002753	-3
539372944565481473	-1
539199619964866562	-2
539437897230069761	2
537248000939413505	-2
538337903982948352	-2
539725398758928385	-2
539489018686500864	-3
538130966729216000	-3
537657019805990913	-3
539371495035006977	-3
537956556177178625	-3
539205217804623873	-3
537958402539139072	-2
539726233643548672	-2
539203289066532864	-3
539488013823520769	-2
538006068082003968	-4
539370741217914880	-3
537246212077150208	-2
538293094119383040	-3
538337961080016896	-2
538292449660391425	-1
538332006405668864	-1
537653210434252800	-2
539577837590966272	-2
537952769077157888	-2
537240526148616193	-2
539490247374278656	-2
537952266280783872	-2
537248112965062656	-2
538011193034940416	-2
537599992522108928	-2
537601416056291328	-1
539368145669357568	-2
537952153927954432	-1
539433931721166848	-3
539369540241858561	-2
539367531493216256	-3
539577977148047360	-1
538000968550723584	-3
538338494268334081	-2
539440133905584129	-1
538052133997002752	-3
537655312980148224	-2
537596164221435905	-3
539724594262069248	-1
538009847850364929	-2
539494489224536066	-3
538006599705841665	-2
539438791506010114	-3
539581497062469632	-1
539433123101290497	-3
539491311095914496	-3
539580154268631040	-2
538046381043486720	-3
539206084293300225	-4
539200937211232257	-2
539487288385101825	-2
539435158215331840	-2
539490107578142720	-2
539489213792911362	-3
539209378256408576	-2
539437673749159937	-2
539488349653041152	-2
537598706946961408	-2
538006935568928769	-2
538135715968974849	-2
537954273070698496	-2
538049379811471360	-2
539208342926020608	-2
537654612288102401	-2
539575882990776321	-2
539578898011684865	-2
537243804441788416	-2
537959438452547585	-2
537599629375066112	-2
537244838966874112	-2
538291354234015745	-2
537594152486457344	-2
539447468073562115	-2
537247580934385664	-4
537601779077509120	-2
539490387321442304	-2
537954691595108352	-3
538004616756338688	-2
539439015624454144	-3
539205581866024960	-2
537597925346787328	-2
537652539735670784	-2
537595074964889600	-2
539486000918323200	-2
537246100294729730	-2
537248252589248512	-2
539578256169906176	-2
537651503092465664	-2
539438233218973696	-1
539371968936837120	-2
539438177153736704	-2
539367112389980160	-3
539372694647885825	-3
539726734443429888	-2
539486337590898688	-3
538336356771307521	-2
537598734897803264	-3
539575995339407361	-2
539206894049824768	-2
539573984191602689	-2
537243469199466496	-1
539575437509537792	-3
538005732416028672	-4
539438875773796352	-2
539202364918747137	-2
539366860740128769	-2
539200517176819712	-3
538005760320765953	-2
537955692943269889	-2
538334785845100544	-3
537243411087360000	-3
539367838579195904	-3
539373390893965316	-2
538337536511578112	-2
539581748511002624	-2
538293904471506944	-3
539575687515209728	-3
539575576894652416	-2
539203903209107456	-2
538048539570757632	-3
538292589603356672	-3
539372499612733441	-2
538292842473750529	-2
538050405910208513	-3
539490135604482048	-2
538135547756412929	-2
538008390073843712	-3
538333862733287424	-3
538134416665903104	-2
539487204272517121	-2
538045574969569280	-3
537952601565036544	0
538008194522812416	-2
538292870495879168	-2
537653353430659073	-2
538291157156249600	-3
539373614710390784	-3
539582140611297280	-4
537599713030447104	-3
537956835878526977	-2
539368285163491328	-3
537953131855110145	-2
538008977473560576	-2
538047636587442176	-2
539201833567551488	-4
539724952765988864	-3
538331838872559616	-3
539368676127150080	-1
539208650146185217	-2
537657915348647937	-2
537599852826607616	-2
538287767168770048	-2
539439379195101184	-2
538333020852604928	-3
539725870475513856	-2
538289757546369024	-2
539503890165530624	-2
537594180403740672	-2
538292337240440832	-3
537954328964005888	-2
538332147367829505	-2
539369095897317376	-2
538138795863191552	-2
537651726091038720	-3
538292982282461185	-2
539575521534042112	-2
537957757664915456	-2
537613316793724930	-2
539203624090353664	-1
538338438245015552	-2
537595941407432705	-3
539492488063778816	-2
537955525217247232	-2
539574149715197952	-2
538131382166650880	-2
539579930397659136	-3
538052864195981312	-2
538290681044037632	-2
539368257313325056	-2
539575548847357952	-2
539205329578639361	-3
538005340286377984	-2
537601611317923840	-2
539440022114811904	-2
538046323321479168	-3
539437590479654912	-2
539577809732399105	-2
538006907643236352	-2
538133381469724672	-2
539438540506292225	-2
539435856420175873	-2
538009229370859520	-3
538131634403672064	-2
539580070055391232	-2
537599740985499648	-4
538052414994415616	-2
539489129793601536	-3
537958879322447872	-2
538048567504826368	-2
538048339124953088	-2
537951901577646080	-2
539487873578569728	-3
537659178974986240	-2
538338944560410625	-2
537658336855195648	-2
538337284652019713	-2
539367754831523840	-2
539440301509976066	-2
539491171228459008	-3
537597729351168000	-2
539202280839729152	-3
538293960444502016	-2
538138544787972096	-3
537600438863159296	-1
539435884538781696	3
538006879528845313	-4
537657467636056065	-2
538292084500070401	-3
538132143604772866	-3
539371410716909568	-2
539371382740889600	-3
538134305101586432	-3
538334226165551105	-3
538047207724040192	-3
537956166782181376	-1
539577108990009344	-2
539371102813057025	-2
538156016118943745	-3
539204182675578881	-3
538337788379553792	-2
537659151112224768	-3
537652623646945280	-2
539203147286450176	-2
539491254971932673	-3
538053391331913728	-3
539580937030631424	-3
539373363073138688	-2
539372471800320000	-4
539433178067632128	-3
537596025100599296	-3
538137593561759745	-2
538050494389043201	-3
537594460037992448	-2
539433205481623553	-2
539492376423964672	-1
539579846712889345	-2
539438596533784577	-2
539491957786292224	-2
539202700995727360	-2
537959410564599808	-2
539486392972476416	-2
539725982190825472	-2
538335461752983553	-3
538052777910759425	-3
537953884300668928	-2
537953299409170432	-1
537243972285267968	-3
538338522181410816	-3
537954301029933057	-2
538049199057928193	-1
538138935361556480	-3
537654893377777664	-2
539440608709193728	-2
539574430402641920	-3
537594879220940800	-2
538294071992020992	-2
539200096609767424	-3
537952657324142592	-3
537958374588305409	-2
537599182765584384	-2
539578674899857408	-3
537241756052766720	-2
537243075102658561	-2
537653828431388673	-2
538294662227034113	-3
537655201315168257	-2
539210467299037184	-2
539368619395010561	-2
537596275831869440	-1
537245287077912576	-1
537241954267197440	-2
538137789251219456	-3
538132986085273600	-2
539438205129748480	-2
537245370846576641	-2
538133521249095680	-2
537594571950411776	-2
537598176287789056	-2
538051988626628608	-3
539371467184832512	-2
538286437595381760	-2
539370908285415424	-1
539435103534206976	-2
539440804851634176	-2
538290821565800448	-1
538291410714521600	-1
539209741592170497	-2
539440217225461760	-3
539573929120399360	-3
539725287404371970	-2
539371829249720320	-3
539440917045080064	-1
538138097461243905	-3
539369512966324224	-3
539492208769245184	-1
538009650202165248	-2
539436416061960192	-2
539437170940186624	-1
539488153275727872	-2
537955163496267776	-2
537244811041193984	-4
538303703250268161	-3
538334170339373057	-3
539374062670479361	-3
539204966314176512	-3
539578339816914945	-2
538047439161524224	-3
538133772982829056	-2
537653577255518208	-4
537655537010491392	-3
539434015200391168	-2
538008278295658497	-3
537612566642454528	-2
538286978270494720	-3
537658786304241665	-2
539726650502840321	-3
539367698938224640	-1
539374202558902272	-2
538331782882799616	-2
538290010584539136	-3
537244502839549952	-3
539208286843990017	-2
537242963244761088	-1
537657103843082240	-3
537651530527412224	-3
539576357416886273	-2
539432738160672769	-2
539438008962121728	-3
539726205575249920	-2
539435745011052544	-3
538052471021920256	-4
538138069497831424	-2
538132003649236993	-2
539368117810761729	-2
539367224109465600	-2
537654835533713409	-2
539370462313459712	-3
537244475001942016	-3
537601499212550144	-2
537659067108704256	-2
539440524873453568	-3
537956667770806273	-2
538335349966381056	-2
539579427966160896	-4
539439071618404352	-2
537601974913740801	-3
539576997710929921	-2
537595885551902720	-2
539583416832782336	-3
538048737734836226	-3
538335740951031808	-2
537245960767037440	-2
539438959332720640	-2
539367810775146496	-2
538294466613092352	-3
538293206224740353	-2
538286354653011969	0
538335094566817792	-2
539435130893643776	-2
539433260796092418	-2
539439686398525441	-2
537613483701829634	-3
539367671071272960	-3
539486896519651328	-2
539580041995509760	-2
538292028724232192	-3
538135043303305216	-4
538022149290590208	-1
538000492321058816	-2
538138209126215682	-1
538133241610641408	-3
538138125332406272	-2
539581972352598016	-2
537601025562402816	-3
539574094514384897	-3
538007215240929280	-3
539488712330330113	-2
539575939274125312	-2
539202924375965700	-2
538288159306817536	-3
538289589166018560	-2
538004644111581184	-2
538291914408493057	-3
539581329361625090	-2
538139357950267393	-2
539206307577077761	-3
537246910722347008	-2
539577612172283905	-1
538291185165811712	-3
537959662097031170	-3
538001555921047552	-2
539439994096865280	-2
539726344297656320	-1
539725036605964288	-2
539372248667549696	-2
539486168996655107	-2
537247721091256320	-1
539210411372208128	-2
538139246390169600	-2
537658478119374849	-2
538338832299864064	-2
539580349656084482	-2
538049083739762688	-3
539440496771600386	-2
539575604182798336	-3
538138823751135232	-3
539369207008595968	-2
539204658515181569	-3
538137733404061697	-3
537600299972968448	-2
537955720260767744	-3
537654695503085569	-3
539367391655129088	-1
537652230711939072	-3
539209320039456768	-3
537243159244574720	-2
539725842570825728	-3
537598148366303232	-2
539201749232668672	-2
539437534619926528	-2
539201721256648704	-2
539437479410274304	-2
537248028814753792	-1
537656041224552448	-2
538010913190973440	-3
538290289845473280	-2
539489381749624832	-3
538011025208270848	-3
538007830369140736	-2
537953773331968000	-2
539435269733494784	-2
539575715629637632	-1
539435381541060609	-3
539486253193113601	-2
538134248822427649	-2
538053543417360385	-2
538049551157194752	-1
539373923142729728	-1
539437813402697728	-2
538294606417649664	-4
539579483658133504	-2
538137480361705472	-3
537594236464791552	-2
538010240793706496	-2
539578981285392385	-3
537598315873832960	-2
539492963559411712	-2
538019198614507520	-2
539488209080946688	-4
538291129218007040	-1
539369792340512769	-3
539726010066161664	2
537651279544459264	-3
539580461941788672	-2
539440468871098369	-3
537954162009718785	-2
539209236249841664	-2
538134080806993921	-1
537244978855313408	-2
538133744948097024	-2
539576106442305536	-2
538135267107172352	-3
539209713540694016	-1
537953577709613057	-3
539582084604776448	-3
537951622052458498	-2
539726706266112000	-3
537243832552001536	-2
539369959886188544	-3
539579316724838401	3
538009791986429952	-4
537597393928462336	-2
538334729708535808	-1
538335769048662017	-2
539206838026526720	-1
537653856449347586	-2
538332373310795776	-2
539437841319985152	-2
539492684344619010	-2
538291101216808960	-3
539579762856165377	-3
538007774559735808	-3
538047467108204545	-3
539439518693466112	-3
538053827313029120	-3
539360862814105600	-3
539487372204056576	-2
539575771581644800	-2
539373699645059072	-2
538293066168565760	-2
538287061930082304	-3
538137929273851905	-4
539440161202139136	-2
539433512076849152	-2
538139302044401665	-3
539203875300192256	-2
538052921389514752	-2
538336020404895744	-2
539204826643828736	-2
539488600338219008	-2
539487260308430848	-4
539370796251381760	0
538048226990247937	-3
538287963789344769	-2
537600969295794177	-2
539578032621907970	-2
539209153190051840	-2
539457729685766144	-2
537952852803858432	0
538336384688603136	-2
538290038573113345	-2
539198976692846592	-1
538292393641263104	-2
539438149089632257	-2
539200573187575808	-2
538291970192736256	-3
538292169568964608	-3
537654863728214016	-1
539484994587361281	-1
538004836600807424	-3
538021954670706688	-1
538004754014957568	-2
538007634797146112	-2
538045639503130624	-2
537600941361758208	-2
537952070188675073	-2
537245820824084480	-2
539369652129116160	-3
539579790798626817	-1
539370043839373312	-2
537955636886372352	-3
538046949946294272	-2
539436806673301504	-1
537247106365685760	-3
538334869672427520	-2
537600132490199040	-3
537956111014719490	-3
539201272998805505	-1
537599098564931584	-2
539490582901817344	-1
537594348234637312	-2
538009005369884674	-3
538007858290626561	-3
539575074379276288	-2
539487845648719872	-1
539209517733806080	-1
538294352100212736	-1
537595606676811776	-2
538049850383036416	-3
538132339009015808	-2
539487428034449408	0
537240665932193792	-3
538293457685860352	-1
539436835198738432	-2
538131975677440001	-3
539372639366938624	-1
538131578296467456	-2
538134873727582209	-2
539726177616011264	-1
538005172367400961	-2
537654500149186560	-1
538335150447550464	-3
537595438954971136	-1
537655369116700672	-1
537245062732992512	-2
538008334268637185	-2
539488125186473985	-3
537953522395131904	-1
537595326798901248	-3
539201133626269696	-2
538053940366295040	-3
537245736052989952	-3
539725370808098816	-2
538053188403085312	-1
537657803629137920	0
538009398623617024	-1
537653521295110145	-3
537954775380549633	-3
539438987367440384	-3
538131438022180865	-1
537658674425376768	-1
538287514466123776	-2
539206223732932608	-2
539200853396447233	-2
537653688580702208	-1
538046892786343938	-1
539491143080476672	-2
539203035554406400	-1
538053968216481793	-2
537958683020652544	-2
537651642276278274	-1
538134817867841536	-2
538009426545115137	-2
538288047553789952	-2
538010464979255297	-2
539440833091887104	-2
538007382828548096	-2
537597366023770112	-3
539204938254286848	-3
538008110661918722	-3
537657244012531712	2
538053103313223680	-3
539487622583058432	-3
538045962892349440	0
538000632989642752	-3
538135239147913216	-2
537657439676805120	-1
537595102940913665	-2
538052834093465602	-2
538132479677562880	-2
539576051245281280	-2
539490526954004480	-2
537245398919036928	-2
537600578436993024	-2
538335206315655168	-2
538134901552599041	-3
537245090646077440	-2
538049410568302592	-2
537246239981862912	-1
538336496504537090	-2
538051623596343296	-2
538294690182090752	-3
537245426895036416	-2
539438512605786112	-2
537652427840040961	0
538052499169902592	-2
539203063517839360	3
539488460416249856	0
538138181183741953	0
539199760235003904	-2
539575242491174912	-2
539578144400105473	-2
539207782965469185	-1
537954496698413056	0
539484830464229376	-2
538338860187799555	-2
539204742560624640	-2
538333412277624833	0
539574067129753600	-2
539368424569602048	-1
538050200951357440	-2
538134761601236993	-3
539208705896890369	-3
537655788689711104	-2
537656404107350016	-3
537953828810018816	-2
538015832102539264	0
537242823486369793	-2
539488181172051968	-3
538289617070735360	-1
537598902850314240	2
538053423909076992	-1
538045696562442240	2
538136921072238592	-2
539489967756812288	-2
537957730234142721	-1
538054225780310018	-2
539726846162911232	-1
538138907280683008	-2
539433987757076480	-1
538132591451578368	-1
538335290797342720	1
539488265355952128	-1
538005368514035712	-2
538136361703055360	-2
539489241781522432	-2
539581050004185089	-1
538335377921417216	-2
537656740029136897	-1
539199424325754880	-2
537242122047733760	-1
537242206114168832	-2
538004892552806401	1
538288526933393408	4
537599657200062464	-1
537595494852472832	-1
537655984978952192	-2
537655257082634240	-2
538335321998761984	-1
539489772516167681	-2
537952908617457664	-2
539581133852532736	-2
538000912523202560	3
538286950340644865	-1
539372806300262401	-2
537244363097911298	-2
539452985751789570	-2
538334925683187713	-1
539491985145729025	-1
538000520183832576	-1
539370183291592704	-3
537655928993361920	-2
539485580829392896	-2
539368452382031872	0
539726289541033984	-1
537656767950626817	-2
539488935379226627	-2
537952462213505024	-1
537959214577385473	-2
538332964451393536	-1
538292729907003392	-1
537956947581239296	-2
539575967380160512	0
539373419066687490	-2
537243524916576256	-1
539488739790454784	-2
538287599694405632	-2
539488879611752449	0
537246938819985408	-1
539580489854906368	-1
539485469546139648	-2
538046707519721472	-2
539485693366788096	-1
538287655499616256	0
538050579667632128	-1
539208426510114817	-2
538010829137117184	-2
539205050149908481	-1
539209908546437120	-2
539576718533873664	0
538052017001082880	0
538332656606662657	-1
539492264742252544	-2
539198807775645696	-2
538293150385971200	0
539199284143726592	-2
538337396296003584	-1
537656488022798336	0
538288861634658304	-2
539575214351609856	1
538009875935412224	-1
539369596281958400	-1
537953411237707776	-1
538053912000233472	-2
538138153279049728	-2
538335122601545728	-1
539579288862097408	-1
538335796953354240	-1
539490836191264768	-1
539369680092528641	-2
539490023532662785	2
537652062608441344	-2
538290877295525888	0
538336468499202048	-1
538052387064537088	1
538050144064008192	-2
537652595729661952	0
539579902484561920	-2
538334394235498496	-1
537653014413447168	-1
538005900234330112	-2
538052690430160896	-1
539580265996509185	2
538048483870400512	-2
538337592346152960	-2
539205637755117568	-2
537656935961862145	-1
539574346415874049	-1
539489325608878080	-1
537954635768934400	-2
537957926095560704	-2
537959326712070145	-1
538005396469059584	0
538286636711575552	0
539368648159559680	1
538289701623726080	-1
537598008675016705	-1
538135743903068160	-2
539201469908811776	-1
539376338788810752	-2
538046621783949312	-2
539373502907043840	-2
538290737943961601	-2
537657327907000321	0
538009145438646272	-2
539574486350462976	-1
539372192459665408	-1
538291578390216705	-1
538005928185167872	-1
539434462824919040	-2
537651167535591424	-1
539200012526551040	0
537597617468088320	1
539200265682161665	-1
538337143761166336	0
538138768067526656	-3
537656236926578688	-2
538335178356453377	-1
539576914139435008	-1
539435689650421760	-1
538288666343657472	-2
538007606871486464	-1
538000326327304192	-2
539436079838134272	1
539202644838211584	-2
537657971543920640	-1
538004948546760704	-3
538289842653003776	0
537957115059789824	-1
537652146624561152	-2
539577220772413440	0
539368760130699264	-2
539367447355490304	1
538293345853124608	-1
537654024729010177	-2
538290905766445056	-1
539389810155085824	-2
539492152964042756	-1
538047179739627520	-1
538139019151155200	-1
538048652561117184	-2
537600160407511040	-1
538009482471956485	-2
538005004511379456	-2
537953718009077760	1
538131947340713984	-1
539575382257979392	-1
539209601624068096	-1
538007187348803584	-2
537245342975406080	-1
539440664627642368	-2
539580629596512256	0
539488907508076544	-2
538004976610865152	-2
538136332737204226	-1
539724813963915264	0
538334757604818944	-2
539492013104967680	0
537241252899876865	-1
538290793740795904	-3
538336076260450306	-1
539439602663456768	-2
539373140208803840	1
537600383699677184	-1
538294268377710592	-2
539371661364305920	0
539200124837457920	-2
539489884260798464	-1
537957590689652737	-2
539201189708300288	0
538010268778123264	0
539201413294063616	-2
538050052456194048	0
538050377636384769	-1
538009257363648512	-2
537593816048750592	-1
538287852095016960	-1
538048709410709504	-3
537653042423037952	-2
538291634447077376	1
539370155420418049	0
537597897416933376	0
538338130131423232	0
539203259790295042	-2
538049345674027008	-2
538337988976328704	-1
537652399650144256	-2
538006040231809024	-1
539201049731792896	-2
538306548062109696	0
537240470163058689	0
539209769413017601	-1
537956584161550336	-1
538291606517207040	2
539203680164380673	-3
537652874109804544	-1
538046677744373760	-1
537957870219034625	1
538131466107252736	-2
537597505740238848	0
539372276542873601	-1
538333440182321152	-1
539725537246474241	-1
539205721603457025	0
539581804450443264	0
539439574536454146	0
538332908482994176	0
539435214452563971	-3
537601053433540608	0
539486421401477120	0
537657047765241856	0
537959494375178240	0
537596387488456705	-3
539438624572719105	3
538135883598536704	-3
537954663702986752	3
538052105840640000	0
539371522910343169	0
538331670253166592	-5
539487064346353664	-4
537243944439271425	0
539578646919667713	4
537658027441389568	-2
539492069182832640	-5
539440189308166146	0
537955136069701632	-2
537959606195339264	-1
539207894697537536	-1
539579540188975104	-3
537956639916441600	4
538336525235519488	-3
537658365330333697	-3
537662229873565697	3
539438847789379584	-2
539439434996154371	-3
537652202702393345	3
537597589525655552	5
538006236156166144	0
538294634381066241	-2
537244615255293953	3
539725175689064448	-1
537653070466125826	-1
539579734989213697	-1
539440245553762306	-1
539490555005501441	-1
539205161940680705	3
539208538292490240	-3
539440636727144448	-3
538010156727275520	-2
537651223575666688	2
539204210806775808	-2
537658983046447104	3
538137284420587521	-2
537957310405296130	3
539366666938114048	-3
539487761699721216	-2
539370434412941312	3
539439909971697664	3
538136164667228162	-1
539485301753012225	-3
539491423020908544	-2
537599685171879936	-3
538000216864329728	-2
539574571574525952	-3
538133325614153728	-2
539490443147624448	-2
539433679698026497	-3
539436135685308416	4
539489157933178880	-3
537952964435271680	0
537246379979329537	-3
537595578780508160	-2
538306269824548864	3
538131606247329793	-3
538292197452681216	-2
539366888745476096	3
538289308105707520	3
539209347390513153	-2
539435940385939456	-2
539724785891442688	3
539490864259956736	4
539491031260348416	-3
538010352576131073	-2
538049880640741376	-3
537657719663394817	-2
538294380579532800	-1
539493187996622849	3
539486812272869377	-2
539490219494768640	-2
539484768568901632	4
539726037987631104	-2
539579344101081088	0
539439854153912320	-2
538011333263126528	-3
538332880506986497	-2
538293737403985920	4
539373811687522304	4
539395854008737792	-3
539367196112453632	-2
537954830552403969	0
539445110379802624	-2
539440105896022016	3
538004809283272704	-2
538135575791149056	-3
539486616994459648	-3
539435241803628544	4
537601695313059840	-2
537598819069087744	-2
537244559068393473	-3
539434406944202753	-2
537600662180462592	-3
539489800500555777	-2
539491842510041088	1
538139189674799104	0
538135519562309632	-1
537242178041286658	-2
537953912213749760	-3
539724731235438592	-2
539360556265013248	2
539491507183824897	-2
538334366158848000	1
539374034732191744	4
539492236661358592	-3
537658534385950721	-1
539485777542262784	-2
539439937893183488	-2
538009117479428096	-3
539579986295136256	-2
538006515576492032	-3
538134474425647105	-3
539369624232800256	0
539207755157241856	-3
539201945198931969	0
539373867379462144	3
539438679815897088	3
539485721514754048	-2
539373223524433920	0
538289364019994624	-1
538011165138640896	-5
539432765595607040	-2
538005956144410624	-2
538134332989538304	2
537658506275749889	4
538335010609430528	-3
538287117664006144	3
538292112547397632	4
539438429151711232	-2
539489716572536832	3
537600550528110592	-2
539580741211160577	-3
539374146539753472	-3
537240442191233024	0
539485665273339904	4
539368507641978881	-2
538052046835163136	-2
538337932978184193	-2
539490694784905216	-2
537655900786675712	3
537654191968497666	-3
539371075529097216	-3
538335992424714240	1
539436051732123648	-2
539373530790785026	-2
539575158122741761	-1
537242431243427840	-1
539205022236827648	-2
538134789464010753	-2
537959717931593728	0
539434211426709504	-2
539578116566704128	-2
537656125093842945	-2
537651029618458626	-3
537248196716920832	0
538137705520316416	0
539488851807711233	-2
539368591477714944	-2
539486868442996736	3
539202169426415616	2
539576162444656640	0
538051460630872064	4
537957450348236800	-3
539577527631880192	3
539581553035464704	-2
539373251429171200	-2
539577949272670209	-3
538289673609945088	-1
539576273711157249	3
537958346574557185	-3
538004781345038336	4
539360363247304704	-4
539437757584904192	-2
538010015949684736	2
537958514438995968	-4
538291522354315264	-2
539490163572113408	-2
537652846637113345	-2
538286548413079552	-1
539380664198365185	-2
538291213154414593	3
539487705877737472	-2
539438485326004225	-3
538338664619978752	-1
537246464142233600	-2
539581636741177344	4
538051679460278272	-2
537247665235705856	-3
539436360080584704	-3
538049964728147969	-2
537650847522775040	-3
537658450214682624	-4
538138432661651457	4
539491367031152640	0
538051404557197313	-3
538139329982660610	-1
539434573260939265	-3
537954078803120128	4
537656348138545152	-1
539370769026129920	2
539199592022409217	-3
537658422133800960	-2
539581776587677697	1
537655061317709825	-2
538133493373747201	-1
538332852673581056	4
537243355328299010	5
539433316806836224	4
538290709770813440	3
537245932837163009	-4
538050954571300865	-1
537654304023535616	-2
537244335113523200	-4
539360390627729408	-4
537242261856452609	-2
539205972146008064	-1
539489409704677376	-2
538010969419816960	-2
539438344972017664	-3
539440273500413952	3
538291073307901952	3
539435465427152896	-3
539203091422515201	-3
539201328934027266	4
539435075512061952	1
537596136262209536	1
539578479290122240	1
537652818694635520	-2
538133297688510464	-2
537243916576509952	-1
539371997084413952	-2
539370406449516544	3
539492125109669888	-3
539372861463728128	4
538293876591980544	-2
539438707649286144	-1
537599573485973504	-1
539374230438440960	-2
539435577385304065	2
538001416041017346	-2
539490415251320832	-2
538142580026777600	-2
539576496801980416	-3
538150212775063552	0
538293765270958080	-4
539439965953069057	-3
538007746638282752	4
539433735792631808	-2
538008474010255360	-3
539371047607611392	-1
539438092890157056	-3
539435661674414080	-2
537952880662437888	-1
538288187211517953	4
538047974799335424	-3
539206782011580416	0
539435633681645568	-2
537958038192533506	-2
538333160581648384	3
538293988399538176	-4
538133098316431361	-3
537655005311156225	-4
537658758412111873	2
539372304414015488	-2
539436947459289088	-2
538337201072115712	-2
537657411818250241	3
537953271470903297	3
539577641675018242	-1
539439099594440705	4
539574598912991232	-2
539200965342425088	-3
537594683657306112	0
538131891325767680	-3
538289168640921600	-4
539726428158586880	-2
539204882528763904	-2
539370378528030720	-3
539486112805572608	-3
539455509716160513	-1
537598259725074432	-1
538139133680840704	-1
538006824285634560	-1
537958430439661568	-2
539489185917587456	-3
539370880347148288	-2
539369456938799104	0
539580321784954880	-3
539439658451873792	-2
539366944621993984	-1
539725814615789568	-2
539370127398289408	4
537650974786326529	1
538006319941582849	-1
538001024527896576	-2
538335516991946752	3
539578535380529152	3
538293681435197440	3
537655816627961857	-2
537657859547602945	-1
538292701880651776	-3
539490947990835200	-2
537239969577050112	-1
538287089755127809	-1
538136781318012929	4
539370211162722304	-2
537247497232855040	-1
538006375792934912	3
539367000364314624	-2
537247274066518016	4
537652567711678464	3
539581245525876736	4
539574514439708672	-3
539579651891671040	-1
539199340125114368	-1
539440776993067008	-3
539437953140146176	2
539208482336292864	4
539491339143229441	-1
538293373820755968	0
537657355853660160	0
538053740298010624	3
538333244148961280	-3
537248085010042880	1
538001332226256898	0
539208118782414850	-2
538009594438885377	-3
539198920677928960	-4
538008362131419137	-2
539437255623204865	-3
539369262348263424	-3
539199647903121408	-2
539373084361621504	-2
537958935387701248	3
539580433005309952	2
538294410740789248	-2
538333636014379008	-1
537958823034896384	-3
538333328337010688	-2
538331754835496960	-1
539576190487760898	0
538054052433887232	3
537956138915205120	-2
539486448911908864	-3
538137116812017665	4
538005228432654336	-2
539206251746701313	-2
539581692546387968	-2
538336665329479680	-4
539579511562833922	-2
538134052008886272	-3
539439183514075136	-3
537261298463936512	-1
537955859402612736	-1
539488097109815296	-1
539492432283697152	3
539204910408278017	-1
539370267018276864	-2
539575186258153474	-3
537596864351436800	-2
537957814334136321	-2
539576830228185088	-2
537247973001158656	3
537959634125197313	-2
537953801492520961	2
539489744494010368	-1
538336272561893376	-2
537952238271201280	3
539435772890611712	0
538010857314459648	1
539582196475236353	3
539577136932483074	4
538291829767426048	1
539375035639549953	-2
539487232344989697	-1
539370629544558592	-2
539485917292298241	-2
537600913440243712	0
539435437518229504	-2
537951789619101696	-1
539368006334554112	3
539367643124604928	3
539432710830555137	-2
539201441932775424	2
539581273506058240	0
539401675060944896	4
539435018888941568	-1
539201244934709249	0
539208230938116097	-3
538338270560940032	-3
539367279952420864	4
538133940335546369	4
539369429067636736	-2
538051236260741120	-1
537240247202234370	-1
538333104717692928	1
539574318519578624	-2
539489046582816769	2
537240833876295680	-3
539725315300663297	-4
537654779359821824	-1
537597953373138944	-1
539367726922620928	-1
539199480193884160	-2
539491619071090688	-1
538045934731812866	-1
537244950707314689	-4
539493132120100865	-2
537593498263097344	3
539581608823902210	-2
538049438934372353	-2
539371326667255808	-2
538049226992009217	4
537596053009489920	4
538010577390813184	3
539369039597174784	-1
538053683670712320	-2
539725786786594816	-1
537655425043550208	-2
538132227419561985	-1
539367056345677825	-2
538137032951095297	4
537951986180964352	2
539435186501713922	-1
538009033425567746	0
538136025114378240	-2
537954608388530176	4
538131326218801152	1
538292000785969152	-2
537958794941460480	3
538007047703650304	-1
538135127256498176	-3
539578200196915200	0
539371885092687872	2
539726511419715584	-1
538045490278191104	3
538136304899616768	3
539368340897406976	1
539435047464755200	-3
537651475179384832	-2
538332628760674304	-1
538334281949786112	-2
538010661234937856	-1
537601137013444608	-3
537658083569590272	-2
539439295367741440	-2
539436583905411072	3
538131662396485632	2
538334533935177728	-2
538332317354582019	0
539372888693153792	-2
538332035073720320	-2
539726372340760576	0
539439351185571840	3
537593622812979200	0
537241224957411328	-2
539577893480054784	-2
539724621617303552	-1
539369401188093953	-2
539210159802036225	-1
537653912804003840	0
537596192113577984	1
539360528322555904	-2
538333524479463424	-2
539485134391881729	-1
539201889595064320	-3
538300473774575619	-2
539490722723135489	-2
537657579431006209	-2
538046921001406466	-3
539368062043320320	-3
539489549471457280	-3
538049494869618688	4
539493104064405504	-2
537954913972928512	1
539490920123879424	-2
539581161866276865	3
539577192758644736	1
539726093750910976	3
539433288772124674	3
538289926291607552	0
537654639609806848	-1
539439798143188992	-2
539360472974503936	0
539436219726184448	-4
539440720638398465	-2
537956975536259073	-1
539199396467208193	1
539203540322099201	-2
538336104408432640	-2
539574851087118336	0
537255583867355136	-2
539200993410703361	-2
539369708047597568	-3
539492656372789249	2
538008865691164673	-2
537954468755931137	1
539724897292156928	3
539578060627275776	2
538010633275711488	4
539487985918816257	2
538052359197577217	-3
538053071914672128	4
538289814689558528	-2
538290485534552065	-3
537245708047642624	3
539366639431868416	-1
537657131760381952	-1
539491646912868352	2
537956780153012224	-2
538047008410710016	0
539487929778069504	3
539726790185742337	3
537597199455387649	-2
537652258641833984	-3
539209685619208192	-2
537241643918045185	-2
537599796987822080	-2
538007299114405889	-2
537243243407495169	-2
539726678378156032	4
538292365342302208	3
539487483269218305	1
537247944978993152	2
539577248815525888	-2
539209825344036864	2
537599321932587008	-1
539485022743703553	3
538136585611788288	3
539575493646094336	-1
539435716963753984	2
537247050535305216	-2
537957031408574465	4
537651782818996224	2
538136529697505280	-1
537596331687444480	-2
539373279551975424	-2
537655760831135744	-1
539579874592452608	-1
537599377876209664	-3
538332062936481792	-2
539367028277387264	2
537654360231399424	4
539199844284633088	-1
538051038818086913	-1
538051010577858560	-2
539487567335682048	-2
539488069649719296	-2
539487400108781568	3
539360278828572672	-3
539577499714588672	-2
538048877732306944	-4
539434099073875968	4
537951566092075008	-2
539198948792336384	-3
538338972444143616	-2
539202868390404096	-2
537596555315134464	-2
539436499998359553	-2
539436891171733505	-3
537955608939749376	-1
539488041786933248	-2
539577555595300864	0
539491563161022465	0
538131130986545153	3
537657635626295296	-1
539199900614152192	-2
539492572360888321	-2
537600020720410624	-2
537959103348629504	-3
539484857844645888	-4
539578563423649792	2
538293178311651329	-1
538049993098424320	1
539433707762089986	0
539573818537566210	1
537245876763500544	-2
539372583356235776	1
539432792938270720	4
537653154297675776	3
537654584333049857	4
539726595272228865	3
538005872237371392	-3
537954217714266112	-3
537957785548648448	-2
539485106302636032	3
539433623477555203	0
537240581941260288	-1
539581832405471232	4
539368312984305664	-3
538131718356865024	-2
539205805573414912	2
538136277011673088	-2
539440440840167426	-1
538286299816673280	4
539485973030371329	0
537951318456143872	3
539373307347615744	1
539574234260180992	-1
538136136749957120	-4
537601164389666816	-1
539455788087906304	-1
539203512262209537	-3
539489660549226496	-1
539371801072394241	-2
538288247437541376	0
538335038602231808	3
539574206292566016	-2
538286838289805312	-3
539581077950828544	1
537657999423471617	-1
538337087842697217	-2
538052662579957761	4
537241392368852992	-3
539487036399702017	1
538287935762989056	3
538337844629360641	3
539725454585106433	-2
537652707478499328	-3
537598651523432448	-2
538136417566990336	2
538294324174520320	0
538053245084893184	1
537652483708162050	-2
539204070876381185	-2
537241420265185280	0
539432683508883456	3
539487817710436352	3
537240805870927872	-1
539439826161111040	-2
537956250034909184	3
538338608655376385	1
539368983628382208	0
539582056674914304	4
539485497576665089	-2
538000408430776320	-2
537597981353324544	-2
537598847040892928	-2
538335629013417984	-2
539434880057487361	-3
539492516626956288	0
538009538545598464	4
539491814638891008	-4
538336216371175424	4
539208510287147009	1
538135771883270145	0
537241112667516928	4
537614371774410753	3
537658955124985857	1
537245175375216640	-2
539199872097071104	-3
537658111818219520	1
537653324976496640	-2
537243776511918080	2
539371270748774400	1
537593540717867008	-3
539209545638481920	-4
537600216153985024	0
538293932506222592	3
537958654969126912	1
538031889299152896	4
538333468116393984	-2
538045787759214592	-1
539372667384913920	3
539198614531473408	-3
537600048755142656	-2
539580601679245312	3
537599405852225536	3
537614760687071232	3
538053131503169536	-1
539486952421347328	1
537246267962036224	1
539372052931948544	2
539368535626358785	-1
539575354223251456	3
538334645973422080	-2
538290429436112896	-2
539206754069139457	-2
539491394923270144	-1
538137144817364993	2
538047834973814784	1
538336300659920896	-3
538053306271432705	3
539373755928424448	0
537653182433099776	-2
538292253320830976	-1
538009173360119808	-2
538136473875533824	1
538333749919088640	-3
539493048204664832	0
539372416032845824	0
539725342806933504	0
539490191522938880	-3
539490051609362432	0
537954719575310337	1
537242289765371906	-1
539724980725231616	0
538131410155233280	0
538000353598636035	3
539574682912313344	0
539439043684335616	-2
539489493624311808	-3
537243441328304128	-1
538133042288922624	-1
539578702884241408	-1
539492320530673665	3
538288749944524800	3
539580881103757312	3
538051208175714304	-1
539581357308256256	-2
537241448262164480	-2
539369289703489537	-2
539370685366534144	-1
537952350171058176	0
537240024476319744	-1
537956724448444416	-2
539199004719194112	0
539370964149346304	1
537652090680905730	2
539575046407462913	-2
539438457215811584	-2
539491758774964224	2
537651978672037888	-2
539440357432635392	-3
539433067619024896	-2
538053571796008964	-2
539437087125426176	4
537594012660957184	2
538131214302183424	-2
538131919347937280	3
537600885535563777	-2
538053275418132480	-4
538053770710904832	-1
538051432629686272	4
537597813342109696	-3
538007578929037312	1
538288387384700928	3
538336188458094592	-3
538050550135541760	-1
537601667383181312	-3
537951400475766784	-1
539580853090009088	-3
539485861210243072	-2
537959522305064961	-2
537958571217268736	-3
539209208391278593	1
537249311377997824	-1
538136865204088832	-1
538134620722954240	4
539574711009947648	0
539198559527391232	-2
538130994080272385	2
537600271975976960	-2
537241001388421120	-2
539205860841771009	-3
538051848440410114	-2
539368563514294272	-1
539439546602381312	0
537658871155003392	3
538029404421496832	3
539492740233723904	2
539578730772176896	0
539573901756739584	0
538048199035191296	1
538006431786893313	0
539434071144017920	-3
539489437659705344	3
539373000362299392	-1
538289056950808577	-3
539368396685848576	1
538289898319802368	0
539372611369971712	3
539200629244448768	-1
539581385301041152	3
539486197027176448	-1
539576886163415041	0
539201077699411970	0
537240191090823168	-3
538051876382859264	-3
537653996769775616	0
539369763919908865	3
537241559973244928	3
538336608823828480	-1
538288499041243136	1
538338776494649344	0
539204798655242242	-2
537951957521276928	-1
537242487111569409	0
539372833580003328	-4
539580573782908928	-1
538332992771739649	2
539576469354446849	-1
539577025716310017	-2
539491870750306304	2
539434155495673857	-2
539491115171586048	-1
538048905653800961	-2
539436750675144705	-1
539490808043696128	-3
537598204125409280	-2
538290961533911040	-3
538289112906989568	2
537601109112922113	1
539577332697423872	-2
539581860524081152	3
537658224208789504	-3
537654472009596928	2
537954412900401152	3
537246436023611392	3
539370824231559168	-2
539373335168421888	4
537242515221803009	1
538052222702346240	-2
538135911469707265	-1
539577781815111680	2
537953940139409409	2
537599433849200640	2
538165397682278400	-3
539373056394035200	2
538050926339440640	2
539203428799774720	-2
539503057281626113	2
537666557724217344	-1
538335908660273152	-3
538286464837361664	-2
539488432285057024	1
538294494589124608	1
537657216082665472	-2
539578451326693378	1
539205469987151872	3
539576246414618625	1
538138684739297280	1
537594068650696704	-2
537956083101605888	0
539435493377994752	-1
539371130969391104	1
539208035135406080	-3
539576580113453057	-1
539206056220823553	2
539491226979143681	2
539575270483980288	-1
537656097163972608	1
538337816338771968	-1
539580404920254464	-3
538337760403521536	-2
538335433806327808	3
538135491682779136	-2
537657271904657408	-1
539726261598556160	3
538286492339404801	0
537656852134522880	1
539373028518662144	-2
539204714655928320	2
539199675950452736	-3
539437283641139200	-2
537246156225798144	-1
538005480317403136	0
538328687876124672	0
538049111954845696	-2
538133660940394496	0
537596471588454400	2
538052532078399488	4
539577865571164160	3
537243019112894464	-2
538047495092576257	3
538132958214111232	-2
538051152114634752	0
538008809818845184	-2
537593843940859904	2
537593956486627328	4
538008585855176704	0
539369568364687360	0
539576969873338368	2
538332259410268160	1
539367084359438336	0
539725564568162304	3
538131103660642304	0
538049908553814017	-2
537957143002234880	-2
537600801578164224	2
537956695969120256	2
537953020185960449	3
539198864654618624	0
539210495396683776	3
538337452310953984	-2
539576802264748033	3
537596808667856897	0
537247609069776896	3
537658730511597568	1
537655480987189248	1
538311747749175296	0
538047381590536193	3
538005816214052864	-2
538290933616627713	2
538290457382764544	2
537661535980511232	1
539489604580421632	-1
538134360835506179	-3
538048990752034817	0
539203203888599041	-2
538007802472857600	-3
539576134477041665	0
539433456166768640	0
539205413733142528	1
539574822876229635	3
537594208354598912	-1
538005676505985024	0
538293234167205888	1
538333132714672128	1
538291466452619264	-3
537952294290358272	-2
539367140303056896	2
538289001112010754	-1
537957170869190656	-1
539487594640572417	0
539438316857597952	-1
538136249081819137	1
537597645444104192	2
539371354831978496	-1
539366916658585601	-1
539443220942315523	-3
539726149757444096	2
538048087114387456	2
537651670277447682	-2
539487316289794048	0
539577304767533057	0
539370071697936384	1
538135688055885824	0
539206726197993472	-1
539372916568518657	1
539209292088614912	-2
539207922702884865	-2
537667307439284224	-3
539577388523606016	4
539485245918437377	3
539432820457091072	-1
538336160410394624	3
537656599809392640	2
539209657685135360	3
539726483322073090	0
538005536449765376	-3
539371940830806017	0
539369848061833216	-3
539208845617537024	-2
538338915883950080	-1
538051820523114496	-2
539205134073737217	-2
538137424678121472	2
538288973173755904	0
538293848725004288	2
539576023290216448	2
539433959768477697	2
538337340486590465	-2
538333806709989376	-2
537956500304838656	3
539366832810262528	-1
537245988663345152	1
538133856545959937	-1
538293569380175872	0
538337480320516096	1
539371019723898880	4
539601283217227776	-1
537244000227708928	0
537597143348166656	-2
537654977301585921	-2
538053041535344640	-1
538131802448486400	1
539486532873498624	-1
539439407116615680	-3
538290373639290880	0
537653800438628352	-1
538048030730387456	-1
538335964532584448	-1
538138991196139520	-1
539209797376434176	-1
539487539372228608	0
539442497835913216	0
537655117269716992	-2
539491730664726528	-2
538135099406299136	3
537956528251473920	-1
539371186946605056	3
539433095578255362	-2
538004864530677760	2
539203372851933184	1
539485749591441408	1
538051736431525889	2
539493160054181888	-3
537240973466959872	-1
539484967244693504	-1
537953995370037248	0
537245231188824065	2
538338186238636032	1
537651307566620674	0
538138572667514881	-1
538293820895801344	0
537656013084975105	-3
539580545710448640	2
539580825143357441	-2
539374118450520064	0
539435297302646785	1
539368927844126720	3
537656627831517185	1
538294550541119488	-1
539370713363513344	-2
538006571662704640	0
539581720493031424	0
539484912643223552	-4
538293038288994305	1
538135995326418945	0
538294099938672640	-2
538137508325122048	0
538010100401975296	2
538288554909384704	-3
539491674859515905	2
538001444155432960	0
537954552562319361	0
538046351935033344	1
539574738969174016	0
538332345364148224	-1
539489297708359680	0
537653465351483393	-1
537244390994219008	2
539437506731986945	-1
539576385476775936	-2
537958851325480960	-2
539492851835764737	-2
538045156201467904	-1
539488990785986561	2
539391501726273536	2
539201861543530496	-2
539202224946417665	-2
539438373061283841	0
539204994164330496	-1
538139441643413504	3
539203819453030401	1
539575743630815233	-1
539435912451858433	-1
537957478202638336	2
539374006865231872	1
538046649780932608	-2
539580713331609600	-1
539200376994816001	1
537244587136667649	-2
539579455791198208	1
538132760255561728	-1
537651002196123648	-1
537594040607584256	0
537952406214938625	1
538007131426140161	-2
538053010874970112	-2
538010997286789120	3
539489688546213890	-1
538334422257655808	2
539368788228337664	0
539441000910172160	1
538292561727995904	-1
538045757484716032	2
539198586882650113	3
538001276081283074	1
539367922326851584	1
538132816866074624	-1
538287402444681217	-1
539580210115796992	1
539577416440881152	0
539487455377113088	1
538132366926307328	3
538053515537825793	2
539579204976017408	-1
537952378138681344	1
539205301669740544	-2
538335601083568128	-2
538048793657495552	-2
538052190007721984	-1
538333384461017089	1
539725064561000448	-1
538288610530037760	-1
539437003495186433	1
539360584236802048	1
539206615040544768	0
537598567763181568	0
539371578212225024	1
539578507358380032	3
539373978968928256	2
539206391819669504	-3
539581580910800896	1
537595242648993792	-1
537955246291832832	3
538051292397330432	0
539574962517184514	1
539367950323834880	0
539200769522950144	3
538048933684338688	1
539436666910679040	-1
538047325323919360	-2
537958150083973120	1
538287824270032896	-1
539491591095083009	1
539201582077067264	-1
538009566416760832	-1
538010043929870336	1
538136893159124992	2
539373446967615488	0
539489939835351041	0
539488293336137728	0
538010745322352640	-1
538134558089428993	-2
538332231476215808	1
538337648533078016	1
539208622082097152	2
538331922649600001	0
539580908945559552	2
539206559315034113	-1
537952573702291456	3
538333778574606336	-2
537597561620922368	1
537957898216038400	2
539360500384288768	-1
539370936139788288	0
538333300465885184	-1
538291017418813441	2
539198723927318528	2
537955080189009920	-1
537246715418787840	2
537244028073705472	1
537599517672366081	1
537957422347083776	2
538338214604713985	2
539210047784751104	0
537596752485171200	1
538006124205981696	3
537952181929148417	1
537659123278839809	-2
538047353698385921	-1
539208594248720384	3
538336580961067009	2
538136753417494529	-3
538332401668456448	0
538049936663666689	3
539492991522836480	0
539487957796003840	-1
538132703401766912	-2
537598287629778944	1
539491283015041025	2
538035507981086720	-2
539202085582286848	3
537240498248101888	3
537244279262167040	1
539208258826039297	0
537955748224172032	2
539204295795957760	-1
538010184824922112	3
539438261157249024	0
539434684691005440	-3
538004562121342976	2
538134164848263168	0
538046047613120515	3
538050262548881408	2
539207838737108992	0
538132731398729728	0
538008613831577600	3
539367978245312512	3
538336805469577216	0
539371717257609216	2
537243860481875968	-1
537956808019959808	-2
539208817691865088	3
539210215791812608	0
539198751924305920	-2
537651558474088449	-1
537657607519891456	2
537656264785162242	0
539492348439576576	3
538011305291284481	2
539725926431719424	3
538289533180444672	2
538052078028197888	1
539198779795439618	1
539726121668202496	-1
538008306120679424	2
538289029067071490	2
538288917439868928	3
538334813766582273	3
537241364472537088	1
539206195874394113	0
538138851559370752	-3
539206809937272832	0
539434490163363840	-2
538333076557168640	-3
539436611755597827	-2
538137256511688704	-3
539439211624271872	-3
538051096179376129	-1
539360806815936512	-2
538287234005602304	-2
537593900526235649	-1
538290597342494720	-3
537240693866233856	-3
539438651936350212	-2
539724758557138944	-2
539439239558348800	-2
538005648613834752	0
539432655872610304	-2
539198522709389312	-3
537247022555074560	-2
538046978002026496	-2
537656376148131840	-3
539580182190116865	-3
539360750897463298	-3
539434267290660864	-2
537243580688248832	-2
538136445610123264	-3
539371633455419392	-3
537245482826104833	-2
537245511015997440	-2
538133269523726336	-1
538288075408179200	-2
539488404938174465	-2
539487733757255680	-2
539488795889250304	-2
538008138671464448	-1
538047552378384385	-2
539574879037964288	-2
539581916522233857	-2
539434824713646080	-2
537240134794903552	-3
537597421870919680	-3
539437617872646145	-2
538288945336184832	-3
538004671395561473	-3
537651586387165184	-1
538134957353615360	-2
539366721623425024	-2
539200293612040192	-2
537959354654556160	-3
538286664691769344	-3
538132059831934976	-1
538000548419870720	-2
538289954091446272	-2
539581469161979904	-2
539578228147748864	-3
538046739086077953	-1
539438568553598977	-3
539574458441564160	-3
539434239415291904	-3
539201917503963136	-3
538287261927084032	0
539724869974630401	-2
538334897598107650	-2
538137845475852288	-3
537653968676343808	-2
539204631071817728	-3
539434295216336896	-2
539490638895796225	-2
538000188607328257	-2
538001220271898624	-2
539432875830288385	-2
538136669279760384	-3
539439267534352384	-2
539433012933705728	-3
537650947301060608	-2
539726622598111232	-2
539207950624382976	-3
537243327159369728	-2
538009819945631746	-3
537958542519848960	-2
539433791748849664	-2
539205944132255744	-2
538133185746726912	-2
539491900030713857	-3
537958599105196033	-2
538011108888809472	-2
539490750632058880	-2
537596583316295681	-2
537650919802798080	-3
539360445346627584	-2
537599768999260160	-2
538007159397969920	-2
538051264438087681	-2
538292926670196736	-2
538007550831386624	-2
537599210775117824	-2
539725898455719936	-2
539490331264552961	-2
538289084935188480	-3
539491786650316801	-2
539725620511768576	-2
538292533798125568	-2
537244894935654400	-1
538140026421264385	-2
539371745170718720	-2
537657887414571008	-2
539201161736519681	-2
539433344136929280	-2
538047122814541824	-2
537595298571628544	-1
539434434878275584	-1
539581664662654977	-2
539485161755512832	-3
539202001461342209	-2
538049642915971073	-2
538051904560189440	-3
537959382571843585	-2
538137761342320641	-2
538004501727547393	-2
538140608921993217	-2
539725648445849600	-2
538050023695863808	-3
538135939449909248	-1
537953383332999168	-2
539725259453530112	-2
539433040226037761	-1
539204042904567808	-3
539491059173425153	-1
539368704094789632	-2
538136192513228800	-2
539577472267059200	-3
539370657445085184	-2
537240945469947904	-2
539433819863285761	0
537955664862396416	-3
538051533284585472	-1
538000744436486144	-2
537245539126222848	-1
538000856361095169	-2
537239886957666304	-3
538289252237598722	-3
538337003944046592	-3
539434796783763456	-1
539204463370964993	-2
537242066213175297	-3
538135435831435265	-2
539725703642877952	-2
539204854548541440	-2
537244727285125120	-2
537247246157631488	0
538048283185541120	-2
539578758844657665	-1
539373727998566400	-2
539199703989358592	-2
537593871925256192	-2
538045518166122497	-2
539199200203120640	-2
538052600458117121	-2
539434323175550976	-3
537957226464706560	-3
537651084832284673	-2
539207810824028160	-2
538134592629506048	-2
538007886178553856	-1
539575855077687296	-2
537244223230476288	-3
537595550720618496	-3
537245567047704576	-2
537246659466768386	-2
538332600751116288	-2
538137060939694080	-2
538001695746580480	-2
539369736048746497	-1
539433763806388224	-2
539490892147875840	-2
538135211171926016	-2
538139218531590144	-2
539574794963148800	-2
538286723764326400	-3
539577583579693056	-1
539199508127952898	-3
539485637121159169	-2
539206949968314368	-2
538046411565441024	-4
538139274223570944	-3
539440050044698625	-3
538005788271583232	-3
537594599897038848	-3
537594096584757248	-3
539580769325580288	-2
537242401732304896	-3
538051488749469696	-3
537245651785228288	-2
538135323143073792	-2
538043603994415104	-2
539373783778594816	-2
537598791059537920	-3
539208315021299713	-2
538137901364953089	-4
538287346106793984	-2
538007438751203329	-2
537952042036498432	-1
537601332015026176	-2
537953159344574464	-2
539489577330036736	-2
537245259177398272	-1
538010773201903616	-3
539485189941243904	-2
538006347842088960	-1
539491003359842305	-2
538048115065257985	-2
537241084590841856	-3
539581413239291904	-2
538333974683471873	-2
539433232832659456	-3
539578284108185600	-4
537601835134361600	-1
538292421650817024	-3
537657831676448768	-2
539374258498326528	-2
538138516811952130	-2
539484803192881152	-2
538000996472209408	-2
537650892129198080	-2
538337368319987713	-2
537595410823806976	-2
537953466401169408	-2
539371912976408577	-2
537244195388686336	-2
538007019551473664	-2
538010801240801281	-2
537593984592277504	-2
537953856840531968	-1
537951455463112704	-2
537240861743284224	-2
539489353559732225	-2
539434043201564672	-1
537656684081340416	-2
539366612105953280	-1
537955469407842305	-2
537600104551956480	-2
539436778600800256	-2
537659262810742785	-2
537952824873979905	-1
538000716313657345	-2
537599238776303616	-2
539439714299019264	-2
539492097112674305	-2
539493076147126273	-2
537245680138747905	-1
537652315432714241	-2
537959242771468288	-2
537953633967808512	-2
539199368134668288	-3
537652286768816129	-1
539369484910596096	-2
539360778806382592	-2
538337704493461504	-2
537955776095346688	-2
538334841784508417	-3
538332541443670017	-2
537599908707332096	-1
538337424334917632	-2
537244783144869888	-2
538131158350200832	-2
537247832928190465	-4
538053599792996353	-2
539438120870367232	-3
538134676540772352	-3
539205106122899456	-3
538006403831828481	-2
538336777401282561	-2
539488236985651200	-2
538048002666283008	-1
538336440602886144	-1
537956221983395842	-2
538052443020750848	-3
538048171067600897	-2
539366584822030337	-1
539580797268021249	-2
539199564088360960	-1
538286382201184256	-2
539486728344838145	-2
538050230676373504	-3
538333272262975488	0
538052260702724096	-2
539440972955156480	-2
538288471044268032	-2
539581524950401024	-2
537954134071447552	-2
537246323884711936	-2
538291662364360704	-2
539725426667847680	-2
537598623580979200	-2
538292617524838400	-4
539577053126098944	-2
539436919185502208	-1
537597785298980864	-2
537247776867094530	-2
538046143297753088	-1
537239914824630273	-1
538004698713063424	-2
538291045415796736	-2
539368229400215552	-2
537240051751854080	-2
537599601436798976	-2
538287034042179584	-3
538005508410859520	-1
538338720660082689	-2
537239855777185792	-2
538053217129857024	-2
539581888495898624	-2
539369317511753728	-2
537244866947084288	-2
538137172671729664	-2
539200601138397184	-1
537653409370087424	-2
537653632620298244	-2
537956416603324417	-2
538132199527424000	-2
539485078330822658	-2
539440077966172162	-2
539199788341010432	-3
537244139684110338	-1
538294240464633856	-2
538293793121124352	-2
538049522921127936	-3
539370490155270144	-2
539373671736180736	-1
539372527534219264	-2
539201300916080640	-3
537599294619287552	-2
538336721306652672	-2
537955218315837440	-1
538332936370913280	-2
539579092996481024	-2
538338804479037440	-3
539492935591788544	-2
539578787021987842	-2
539436303834959873	-3
537596443570503680	-3
538331866806624257	-2
537658899110039553	-2
537597533695266816	-2
539486589131685888	0
537599824921911296	-4
538136221080641536	-3
538293290052100096	-2
539436694815399936	-2
539575409571270656	-2
538050808420761601	-2
539201973179150337	-3
538133437274939393	-2
537247525158531072	-2
539574039153758208	-2
539360640398524417	-1
539210355424366592	-2
538293653081710592	-2
538289870452838400	-2
537951705875611648	-1
538135632007421954	0
538053712305217536	-3
537600327907020800	-2
539438064972873728	-2
538287907732475904	-2
539199956733923328	-2
537654108606726144	-1
539578925916356608	-2
537658702443323393	-2
538138237139968000	-2
537246631633354753	-2
537658252889440256	-3
537655676882157570	-2
537594264369520640	-2
539203344854953984	-1
539370322789945344	-2
537954023572533248	-2
537248140936888320	-2
537240414273957888	-3
539207727092752384	-3
539486700456931328	-2
537266931443564544	-2
539371605533921280	-3
537241783999406080	-1
537597477718085632	-3
537953103925231616	-2
538007354772815872	-2
537655285008322561	-1
537595746019979264	-3
537596780637339648	-1
539490275371266048	-2
537656432041398275	-1
538010324637851649	-1
537244671198900224	-2
539576942044151808	-1
538334953541742592	-1
539369234418368513	-2
539579009248796672	-3
537957534439845888	-2
538138879375986688	-3
537955999404265472	4
539485357633712129	-1
537956863862923264	-2
538286779305295872	-2
537657775690874881	-2
539486644479741952	-3
537988314049941504	-2
537655397130452992	-2
538287317673586689	-3
537955413715849216	-2
539366972463792129	-1
538286695905783808	-2
539368871996956672	-2
538334310219403264	-2
537651838896861184	-2
539726065913315328	-2
537601527238889472	-2
539578953326161922	-2
538006684518850561	0
538006628545875969	-1
539579818820767744	-2
538336048338964480	-2
537593650281459713	-2
539206419774717952	-2
537597757197131776	-1
538046260725682176	0
538132031797227520	-1
537595214668791808	-2
538053799328636928	-2
539368090006740992	-2
539200209243607041	-1
538009201344532480	-2
538047891009732608	-2
537598371822075905	0
538336328816275456	-2
538293122217017344	-3
539579120980881408	-2
539487650038939649	-2
539488516255010817	-2
538137340313886720	-2
538008026352214016	-1
538291746007166976	-3
539202588793913345	-3
539371214893248512	-3
539205888113115136	-2
539580685355585537	-2
539360918623502336	-2
539485552870178816	-1
538049315579895810	-3
538288805800062976	-2
537954580483805186	-2
537952629461372928	-1
538132535843520512	-2
539372443945930752	-2
538133633039880192	-2
537596892293922816	-2
537241699920396288	-2
537656880110530560	-2
538332796650283008	-2
539576551978061824	-2
538053487645696000	-2
539436639605755904	-2
539575326285000705	-2
539202784990867457	-2
539491479014899712	-2
538334058594729984	-1
539578618838806528	-2
539386928253001728	-2
538047779059544064	-2
537651112959283200	-2
537595466897428480	-2
539369987816054784	-2
539200404966625280	-2
537243748514922496	-2
539579149091106816	-1
539199228149780481	1
537959466390806528	-2
539435829064916992	-2
538049793126596609	-1
538335262464831488	-2
539580126296834049	-2
539371857141837824	-2
538054136143822849	-2
539491087149436928	-1
537654921374728192	-1
537958318682431488	-1
539201637987135488	-2
539576079154159616	1
537242655659683840	-2
539206447624880128	-2
539434852752584704	-3
537952014047932416	-2
537595354997604352	1
537959578198347776	-1
539373112283119617	-2
539360890693644288	-3
539489102526447616	-2
537959131232346112	-2
537245034715033600	-2
539209041562841088	-2
538334114555113472	-3
539436472093663232	-3
539574402422407168	-2
538290625326891008	-1
539199928661458944	-1
538001136587128832	-3
539370099594244096	-2
539202672986169344	-4
538338354514108417	-2
539437198475808769	-3
538053883697037313	-2
539433567626215426	-2
539201526104068096	-2
538288777849212928	-1
537600717868244993	-1
539360335929806849	-2
539366527599116288	-2
538134530176327682	-2
539368900006522880	-1
537599014632706048	-2
539372164651417600	-1
539208985350791169	-3
539576524102701059	-2
539486840295026689	-2
538006291990708225	-2
537955915274940416	-2
537951538166398977	-2
537957562592018432	-2
539577698302296066	-2
539726818178531328	-2
539578367696453633	-2
539485525565272064	-2
538131746504466432	-2
538007718662246400	-2
539437562537201665	-1
537657075879661569	-2
538133828720922624	-2
538160889682075650	-1
538006012041920512	-1
537654667569016832	-1
539369179707875329	-1
537656543895113728	-2
538138628850200576	-2
538338074284281857	-2
537595046967906304	-1
539369151736057856	-2
537240721770954752	-3
537598427610497024	-1
538047036340576256	-2
537958627026698240	-3
537244418999603200	-2
539202616920920064	-1
537659010913406977	-1
538051707331411968	-4
539204098814672897	-2
539202504329035776	-2
538046803430875136	-1
537951817486069760	-2
538046831411068928	-1
538005032478973952	-3
538138320799563776	-3
538291773953830912	-1
538008166563586048	-1
538005200435687424	-3
538001583972581376	-1
538331612212363264	-2
537247916902330369	-2
538290122513743873	-1
537958178341023744	-1
538138041400168448	-3
538052949436796928	-2
537599070622478336	-2
538334338107322368	-1
539490610793955328	-4
539576774422986752	-2
537656712007004160	-1
537599126780018688	-1
539203119285293057	-2
538005284254666754	-2
539438400982769664	-2
537653884471476224	-2
537657523571269632	-2
538048367004499968	-2
538293010447224832	-2
537241671936012288	-1
537959075238408193	-2
539371438726459393	-1
539434351084470272	-2
537246044476944384	-1
537653240171859969	-4
537599461707743232	0
539201357006503937	-3
538286576376500224	-2
537265626616565761	-2
537601583392227328	-1
539579372068675584	-2
538010520818053120	-2
537954245103075328	-1
538047946873647104	-1
539199732120555520	-2
539207366109970432	-2
537244755248558080	-1
538286410265276416	-2
539440748916383744	-2
539576413410828288	-2
539487008440455168	-2
538008641803390976	-1
537601248237998080	-2
539202252951797761	-2
538132675295723520	-2
538008557762150400	-2
537951650003312640	-1
539366557387083776	-1
538135603968086016	-3
539439630522011648	-2
539486924491481088	-1
538286751060885504	-2
538050346602733569	-3
539373839516725248	-2
537240359106273280	-1
539436975565312001	-2
537247693203329024	-3
538050110241116160	-2
538288638388625408	0
537659206875488258	-2
537652790781562880	-2
539488962713501697	0
538015609745731584	-2
539202476776632321	-2
539582112509468672	-1
537243299204333568	-2
538008781834424321	-2
538005844198445058	-2
537240303091347456	-2
537246826962116608	0
538131298305724417	-2
537958907264901120	-2
537599964646760449	-2
537597255394807809	-2
538133155228971008	-1
539204435483037696	-2
537243271236694016	-1
539372750457303040	-2
539368844092243968	-3
538009089364992000	-2
538053159667916801	-2
538000800271073282	-1
538334673920077824	-2
537959298803171328	-1
539490975882956802	-2
538332712772575232	-2
537242907288543233	-3
539207866696347648	-2
539367475281166336	-2
538000940465655812	-2
537245454850097153	0
538001164449894400	-1
537245119486107648	-3
538047092607188992	-2
538339028387766272	-2
539367587189383168	-1
538047237906255873	-1
538132507850731522	-2
537955581039226880	-1
537248056891432960	-1
537597171257081856	-1
539202841014177794	-3
539205078109147136	-1
539199816409296898	-2
538291718131834881	-1
539726567266865153	-3
538289336056561664	-1
538334002663669760	-1
538338692436602881	-2
539200432313495553	-1
537955330014318592	-1
537241196796850177	-2
538136108790714368	-1
539486365013258241	-2
538051124214108160	-2
537593704941637632	-2
537651922757758977	-2
539203847424847872	-2
537952125998104577	-3
537955441251467264	-2
538287571785506816	-2
537242851386880001	-1
538007103471104000	-2
539575298397048832	-1
539574374521925632	-3
538290541436624896	-2
538009285356433408	-2
539485273806352384	-2
537597003451367424	-1
537654807327436800	-1
538333663998775296	-2
538332429594152961	-2
537596667017854977	-1
537955553105154048	-3
537955887361822720	-2
537600467103391745	-1
538138376634134528	-2
539486477038911488	-2
538338158178742272	-4
537247441482186752	-1
538008725886607360	-1
538289140862054400	-2
539484939960729600	-2
537244446891720705	-2
538332485541978112	-1
537602808116043777	-1
539205245789044737	-2
538004726093471744	-1
539204519297818624	-3
539199116363169793	-1
537246492034347008	-1
538334030601912320	-1
538132255320047616	-3
537246771203022849	-2
539203456268255232	-1
537953215443398656	-1
537651140260036608	-2
537601554510274560	-2
537247134501076992	-1
537245315074883584	-2
537658562475220992	0
538046228656029696	-1
539202952221982720	-2
538335824858087424	-1
539360668315820032	-3
537655620888199168	-2
538001472051740674	-2
538050081619181568	1
539489074495913984	-1
538050640266932224	-2
537951873740066816	0
538048058811248641	-1
537597059285929984	-3
539200825571434496	-1
537653437463547904	-1
538294184562937856	-4
539370545956265984	0
537657943475236864	-2
539206503291715584	-2
538000605013622784	-2
539487176300703744	-2
537246687434399744	-2
538049821232615427	-1
538292225441280000	-1
538288694218989568	-2
538338636786593792	-1
539203763995963392	-1
539200657434374144	0
538290066444275712	-2
539370852455034880	-1
539210131901526016	-1
538005144395595776	-1
538133014199672832	-3
537593928518995968	0
539489269774303232	-2
539438903913369600	-1
538011136973881345	-1
537654556415754241	-1
537248168845803520	-1
537657495519784960	2
538048311216070656	-2
537655089314672642	-1
537957506249547777	-2
538047693676105728	0
538293317923246080	0
537652174738952193	-2
538133353556627456	-2
538047665737846784	-1
539575018389512193	-2
538334505917222913	-1
539205749747224576	-1
538001667674099712	-1
539437143031304192	-1
539205442086645760	-2
539579958428184576	-3
539580238066630656	-1
539372722577739776	-1
539204267912200192	-1
539204547282219008	-2
537655956994535424	-2
537651195645804544	-1
539367251993194496	-1
538332457545007104	-1
538004534556389376	-1
538133605130969089	-1
539492879774003201	-1
538051348764569600	-1
537601919154651136	-2
537956055230480384	0
539490666863394816	-1
538048595476627457	-1
537957953954131968	-1
537242739470266368	-3
537594795477467136	-1
537600829717753857	-3
538135407826067456	0
539206587228094464	0
537655844729806849	0
539203652226121728	-4
539440861105651712	0
537956472433672193	-3
539575911000334337	0
538051180191309824	-4
537243383253987328	-2
537244083883114496	-3
537959019294781441	3
537243103368056832	-3
537594851249127424	-2
539491702797774849	-2
539436388169838592	-3
539210271643172864	5
539367363762995200	-3
539726455425757184	-2
538008222431715328	0
537246407988899840	-1
539440413296562176	-2
539210019800379394	-1
537595801846153216	0
539581441123049473	-3
537951929591410689	-3
539438735545630720	0
537953494326870016	3
538339112483553280	-2
538331810963673088	-2
537243047080505344	3
539573874409873409	-3
538001108552409088	-1
538288331386527744	-3
537595718115287040	3
537956919747817472	-1
537241616072056832	2
538010296682807296	-2
539205915946516480	-1
537954189859913728	-2
537952517947404288	-2
539582028724068352	-2
538289448665243649	0
537594963291549696	-3
537652958331428864	-2
537956278090629120	3
537957981988880384	-3
538287458170187776	-3
537953075965997056	3
537240777764929536	-2
537656656168247296	-1
539373168092540928	-1
538287711330009088	-1
539435605399453696	-2
539200545110900738	4
538293262025752577	3
538337312586088448	-4
537243497091571713	-3
539372332423585792	-1
538050896819941377	-3
539199088437506048	-3
539206112177033216	3
537598511760830464	-3
539579065108545536	-2
538292056549249024	-2
537240162724741120	-4
537955302038327296	-3
537656571845939201	-1
537655033320710145	3
539437701700026369	-2
537596359575343104	4
538336553127665665	-4
538137677674319872	-2
539439490839105536	-2
537598343934115841	-2
537596947545485312	-4
539199984655405057	-2
537247301979619328	-2
537958710908551168	3
538011080967348224	3
538287739167576064	3
538001248168198144	-3
538292786593021953	-2
537246882800873472	-2
537599545598042112	2
539205609812688898	0
537654416078561281	-3
538134845764149248	-1
537954969237061633	-1
538337059866681344	4
537953355273089025	-1
539432903231680512	2
537653605181190144	-2
539486756266319872	-3
538287879970377728	5
539492712270278657	-1
538334254045085696	4
538335713100840960	-3
539432958189662209	-1
539486504960417792	-4
539200460490833921	-3
537273086727303168	-3
539367866433544193	-1
538053855255494656	-3
538336693414547456	-3
538331978458992640	3
538008501923364865	2
537652986491961344	-4
537956332687884288	4
537242345675423744	-3
537599266735525888	-1
538135155266052098	4
539578088540348418	-2
539579400069840896	0
537654949367517184	-3
537654248222490624	-3
537652371393085440	0
539206475445727232	-3
538137565698985984	-3
537961327373742080	-2
538290345751375873	4
538051651522019328	-3
537241728026423296	-1
538290401502052353	-2
537956360651276288	-3
537957366374088705	-3
538138963304005634	2
537246016551288834	-2
537595857676554240	-1
539209406135934976	4
539489521596129281	-2
538006152089702404	-1
538136501813796865	-2
538138488630042624	-3
538052748751929344	-1
539577444353974272	4
538133996149149696	-2
539210299564621826	-2
537246575790419968	-2
539485385559375872	-2
537658590388293632	-3
537247888909549569	-1
537651866826731520	-3
539492907708076032	-4
537595634577321984	0
539200881397604352	-2
539437729743114240	4
538000576752390144	-1
537955385811144704	-4
539209069454966784	0
537958739589218304	0
538131690376663040	1
537594404085989376	-3
537955497299959808	4
538133800833003520	2
539577081022382081	-4
539488544457498624	0
537594376164507649	4
538046075840778240	-3
537598399718375424	-1
537596724626620416	-2
538137621458079745	4
537653940834562048	-3
538133465456472064	-1
539486028965629952	-1
537594487976239105	-4
538008698061590528	0
537652006639665154	-3
537247413606809601	-3
537240386419580928	-2
539433372016472064	-2
538049171178422272	0
539440385421238272	-2
538001388102774785	-2
537246854996836352	-3
537651391226216448	-1
538293401796739073	4
538288722056577024	-2
538134388752805888	-4
539202896408367104	0
538009903928197120	3
537952936459239424	-2
538132422827991040	2
537607079360335872	0
538046593468203008	4
538006712578756608	-1
539488823915610112	-2
539198641878368256	4
538136053019082752	-2
537653660613091328	-2
538336132279599105	0
538136389540642816	-2
537261798030729217	-1
537600634271580160	-3
539200741450080256	-3
539209125205651456	1
539434935439089664	-2
539201805201444864	2
537240609795633153	-2
537655564982296576	-3
539726762356523008	3
539369876201431040	4
539360723659673600	-3
537596080935145473	-2
538050695958921216	-3
537243636594118656	-3
539208454507098112	-1
537601304139677696	-4
537596639125708801	-3
537600188354150401	-2
539492041156489216	-2
537244307192037377	2
537242094197571584	-1
537593568140218368	-2
538049018686107648	-1
537598986602184704	-2
538047721605963776	-2
537958991411036160	-2
537958262856232960	4
539489911758675968	0
539491535226949633	-1
539373643852427264	3
538336244313620480	-1
538287542416965632	-4
538131076351528960	-1
538000464412172289	2
538005060647911424	-1
539210187819974656	-1
538291326404788224	-1
538050437413634051	-3
538131521925025792	-2
537952992281255936	-3
537956752286023680	-3
538007690694639616	-2
538009706108047360	3
538334086671384577	-3
537601220303933440	-4
539432985494552577	-2
537953967402409984	2
537651894798516224	-2
537247385685356544	0
539368173620199425	-2
539208929277132800	3
538338466380394496	-2
539725731530829824	4
538049733424873472	-1
537651057057611776	4
538333946770391040	4
537651754897522688	-3
537240079056769024	4
537959690018504705	-1
538008837820006400	-2
539486784238157824	3
539579232897495040	-3
537957059321688065	-2
538133213785640961	-3
538287795069267969	-2
537595829721505792	4
538047411030347776	4
539209462025048065	2
538138404530429952	-3
538000689012940800	-2
538138740334817280	-2
539439127696269312	-2
539201553971036160	-2
537243720492789760	-3
539205665764687872	-4
538051764558528512	-2
538009341241339904	-3
539576608064274432	-3
537242373735342080	-2
538134705515012096	-1
539200797595414528	4
539577753713274880	0
538339056518971392	-3
537956444529000448	3
538137452519882752	-4
537951510207143936	3
537594431994880001	-2
538153404875304960	-3
539582000676737024	2
537600997628342272	-2
539370518009630720	-2
538047863004364800	2
538334142459809792	2
539725675713019904	-1
538007970198847488	-2
539578870085980160	-3
538050751940296704	-2
537241168892145665	-1
537245764666544128	-2
539435549258694656	3
538005592364052480	-2
537601947038396416	-3
537597673441083392	3
538046863782707200	4
537653744457248768	-2
537655508950614016	-2
537951373196029952	-2
537952713267769346	1
537651810941825024	0
538050290415857664	-2
537594823382159360	-3
538051564930621440	-2
537654444000038912	-3
539487092238471169	4
539200488512978945	-4
537952434279424000	-2
537597338563645440	3
539370350619156480	2
538290150477168641	2
539574543577518080	-2
538052567830650881	-4
539203986948358144	-1
537957618615353344	-1
538335234581090304	-1
537955274171355136	-2
537651698152775680	-3
537658842218508289	-1
537654276118831104	-5
539486560891457536	-1
537656069200568320	-2
539724562758639616	-2
537657159694442496	-3
537668667308118016	3
537955943141888000	-2
538135967375564800	-2
538339000462110721	-2
537240637956169728	0
537247078465171456	-3
537654080727158785	-1
537243552750006274	-4
537601388172554240	-3
538001500082294784	-2
538046439746985984	1
538335573094989824	3
539204238845702144	-2
537954857995763712	-1
537594767526596608	-3
538010717459599362	-2
537952685358841856	-1
538005116419575808	0
538335685263245312	2
539208174713438208	-4
537954941911187456	-2
538333580179812352	-1
537595689984069632	3
539438288986439682	4
539204323948113922	-3
539488488379658240	3
539206363667501056	-3
538288443202469888	-2
537658618251079680	-2
537657551522136064	-1
538333608046784512	3
537959550234947585	-2
538136697452498944	-2
538137985662062592	-2
538052806171967488	-1
537958963527319552	-2
537953187274452992	-1
538135855727382528	4
539202057694351360	-3
537246295971614720	-4
537246799141281792	3
537594544079257600	-2
537595019113549825	-3
539432626004971521	0
538294522552532993	-3
537654751463493632	-1
537242991187214336	-2
537652734854709248	1
538290569358102528	1
538137957564444672	2
538132450892075008	-3
539199452284993536	-1
539435521274298369	-3
538138348700069889	-2
538006991487373312	-3
538333552333832192	-4
538137088911474688	-3
539200909436522496	4
537957282483802112	-3
537656153136959488	4
539208090835759104	2
537596920110530560	4
538049765154770944	1
538292477623795713	-4
537244167517528064	-1
537953048065495041	-2
538138013533216768	-4
537656824007512064	-3
537601192374042624	-2
539369931914375169	1
539492292638539776	-1
538337508564959234	-3
538132901096095744	-2
538046771684184064	-1
539369345366102016	4
538132873187168257	-3
537242599690895360	-3
538010381021892609	3
537658055446769665	-4
539205693635821569	-2
539204603049680896	4
539206140056596481	3
537242317615538177	-2
538294156511420416	-4
537241870255292416	-3
538006768354594817	-3
539441056996413441	-2
538047150861864960	-3
538132930355556352	-1
537653126371999744	3
537594320317325312	-2
538292645895077888	-3
538291886466035715	-3
537247804750856192	-3
537240275228577792	-3
537597449821757440	-1
539373195540054016	-2
538000299039133696	-1
537658139886501888	-3
537593732246568963	3
538331726062579712	-3
539439882058612736	3
539205777677090816	1
537245792554475520	-2
539492180910698496	0
537248950202273793	0
538135799825711104	4
538049579737161728	1
537656963824640000	-3
538137817604694016	1
537240917561057280	-4
538007494875156480	-2
538007998292324352	-1
537958094241009665	1
538008949489147904	-2
537656796060860416	-1
538290513615790081	-2
538138600916140032	-2
538336917168070657	-3
539367615190560769	0
538010605337460737	3
538147242394128384	-2
537951845709144066	-2
539486980397342720	-2
537240106948890624	2
537248224609050624	-1
539489632527089665	-3
539488377499037696	0
537654052671475712	-1
538132788114128897	-1
538290261978546177	-2
538138712614645760	-1
537959270877523968	-2
539577360644075520	-2
539208789644570624	-1
538335489057914881	0
537600690001313792	-2
537247637104508928	-2
538134276924272640	-2
537955803429613568	-2
538001192388145152	-3
538287486330761216	-3
539574178236874752	4
539485050359001089	-2
539367307844550656	-1
538290178365079552	-2
537598595630129152	-1
538049612360470528	-2
538131242248863744	-3
538008082765606912	0
537596696650584066	4
538336947505487872	-1
537657299964530688	-2
537953327326453760	-3
539372136771887105	-1
538137649585090561	-2
539209992478679041	-3
539202757069377537	-1
537601276205621248	4
537658927140601856	-4
537651363820625921	-1
538005312255852544	-2
538337115697057793	-1
537659290698645504	1
537955971512139776	0
538052893514145792	-4
538337031924228096	3
537597031402205184	-2
538334198172770304	2
538011053108772865	0
537241308709285888	-1
539485833347465216	-1
539209013419048960	4
537655872730988546	-4
539579037157695488	3
539203484193935360	-2
539485441607860224	-3
538007271138418688	0
538134024137740288	-1
537595997166526464	-3
537959047174291456	3
537654136461082624	-3
538137396777590784	2
537244922790047744	-2
537241504100933632	-2
537243608571973632	3
537958458314985472	-2
537595158804848640	-1
537952322232811521	-1
539438037017845760	3
538294128329891840	-2
537657187649486848	-1
538332203420483584	4
537598539766194176	-3
537595969354100736	-1
538046172657909760	3
537598120436457472	-2
537245595082448896	-4
539490779983802368	2
538005620667187200	-2
537656320108027904	4
538000244194430976	-3
538006096255156224	-3
537240749923123200	-2
538336833370075136	-2
537655229215670272	-2
537242150040502273	4
538293485590556672	2
538001360105775104	-1
538333188440215552	-2
537655648952254465	-1
538334701837373440	-2
539371158878306304	3
538000884505251841	-1
539485609023504385	3
539487677947838464	3
537600494534164482	-2
539205526081789952	0
538050465259610112	-3
538296973292339201	2
538046565550944256	-2
539204686671536129	-2
539574262378823682	3
539488656248291329	0
538131048983715840	0
539210075702050817	3
538332175322873856	-4
539581944401764353	1
539199536208834560	1
539436332133928962	-1
539581105952014336	-2
538290206290739200	4
538006180132823040	1
539371242877644801	-1
538332684771397632	-2
537598874958180353	-2
537242879329320960	-4
537659346470322176	-1
537595186751492096	-1
538009510653472768	-3
538291690294226944	-4
539432847715893248	-1
539208370755223553	-3
537243888541777921	0
539205999979397120	-1
538048427452801024	2
538049054971023360	2
537594292332929025	-1
538338102176407553	-3
539360418016546816	-2
538287006145859584	-1
538288582776356864	0
538292281401679872	2
538046292325568512	-3
537598762806677504	-1
539579707105492992	0
537593760239353856	-1
538130937511694338	-2
538132171543027712	4
538332768699416578	0
538137536364032000	2
537652930313482240	-3
539200181049524224	-3
538292898396381184	-1
538337732456886272	1
538334450078474240	-1
538287683488198656	-4
539725231565570048	-1
539203175530905600	-2
537653493407166464	-2
539486140936777728	-2
539204575153377280	-1
537656181083602945	-3
538160494549291008	-3
538291494369918976	-3
537953243566206976	-3
538001639752597504	-1
538135183212691456	3
537246072398417920	1
538136613524881408	-3
537956194737221632	1
539209881245745152	-3
538288131368570881	-3
538008921622200320	0
537651447081730048	1
537242010189856768	-1
538132563987288064	3
538050318588993536	-2
537957087234772992	1
538007466907533312	-3
537242683652468736	-1
539371550378835968	2
538006459637071872	0
537653549283696640	2
538288833792856064	-2
539203736091254784	-2
539210103921324033	1
539434127188320256	-2
537659038897811456	-3
538008753841664000	-1
538049700944158720	0
539579679200776192	0
539402396653203456	2
539202113470201856	-3
538045610226888705	-3
538005984032333824	-2
539202392798298112	2
537241140865802240	0
538136557711273984	-3
537595773924687873	3
537651614321246208	-1
537240889656348673	0
539199032699416577	-3
537595661924200448	2
539371773146722304	-2
538006487541764096	-3
539433595589644288	-2
538053454800101376	-1
539202979669499905	-2
539206167990640641	-1
538054080313425921	-1
537957338339377152	3
537954802626756609	-3
539209097384841216	2
538135351051964416	-1
538050172346179584	-2
537247190348222464	2
538008669976530944	-2
538134192773947392	-1
537956388572766209	-2
539437451476209664	0
537651950729568256	-2
537957394241048576	0
538009454508519424	-1
538133689021259776	-2
537956612045303808	0
539199060511842305	-1
537954885963366401	0
537241842337980416	4
539206643016531969	-1
537247860879003648	-1
539208566260117506	0
539206866128363520	-2
538294296303378432	-1
538131270317121536	4
537654219936104449	2
537601891224784897	3
539434656383651840	-2
537596247792549888	-2
537598036592324608	-1
538333890726068224	1
539202813046566912	1
537954106758160384	-3
538294718070030336	-1
538051068249513984	-2
538131186301034496	-3
539200685360033792	-2
538046535326765056	-1
539434963503177728	-3
537654528292962304	0
538286265398214656	0
538132087690493952	-3
539434629095505920	-3
538287430286446593	-1
539210439302057986	0
539492600273960960	0
538335936556589056	2
537954051481415681	1
539440552694255618	1
537989123449946112	1
538131021624254464	-1
537655593017040896	0
538007075595763712	-1
538001611801784320	-1
538288359320608768	1
538333356531130369	0
539203316941848577	-3
539370239121977344	0
539209573706772480	0
537598092452044802	-3
537257497854087169	-1
537954997095641088	-3
538331950495563776	-1
537594739559002113	-2
537597841238392833	1
538010212675117057	0
539201384948981760	-3
537654332284760064	2
538338748602515456	-1
539203007632916480	-1
537594515872571392	-1
537599936687525889	1
537653381402492928	3
538047523655794688	1
539369123806191616	0
537953661939630081	1
537952741159866368	2
539486056908066817	2
538294016304230400	1
538053335023366145	1
538009931799343104	-2
537653296895627265	3
537247329838170112	0
537958066147581952	-2
538135827734601728	0
539575798874001408	-1
538141997517651969	2
537955190885072896	0
539202196756508672	0
538293513512046593	2
538338888050552832	-2
538134108812349440	0
538288889459662848	1
537651419151859713	0
537247162481274881	-2
539199144246931456	-1
539202532690919424	-1
538001527974395904	-2
538286520307048449	-1
538333496092397568	1
539367894350839808	-3
539198669204238337	1
538132647256813568	-3
539369067992588289	-3
539200068629569536	-1
537239996932300800	0
538007914146168834	-1
538335657362735105	-2
537656991955845120	-1
537951678017069056	-1
537655173406285824	1
539202029542182913	0
537259744767918080	0
539486282062528512	-2
537652679590555648	-1
538286327272591360	1
537953549758787584	1
537242767345594368	-2
537951427881357312	0
538006740496023553	1
539208007130034176	3
539201610178899968	-3
537656515948462083	1
537246743239618560	2
538046110850617345	-2
538293597293252609	0
537593788160815104	-3
539576301582315520	-1
539203931109601280	-1
538133549170561024	0
538005452211380225	0
538045815764574210	-2
537958122196062208	-1
537954356872876032	0
538011248882094081	-2
537595382919090177	-2
537599489708941312	0
537244699254587393	3
538134733583319040	-2
537954524628254720	-2
537596611258748928	-1
539725008634118144	0
538007243187576832	1
537953438546792448	1
538051960747098113	-3
539580014187282432	0
537595913473372160	1
539200152880545792	-1
538286608756518912	2
538293625206341632	-1
538293709562191872	3
537959187268259840	-3
539575827110051840	-1
537596415602872320	1
539208957534146560	-3
537952545831129088	2
